{
    "reaction_time_analysis": {
        "system_reaction_time": 0.006464967948717824,
        "human_attentive_reaction_time": 1.2,
        "improvement_percentage": 99.46125267094018
    },
    "safety_distance_analysis": {
        "speeds": [
            30,
            50,
            80,
            100
        ],
        "human_distances": [
            14.960317460317462,
            30.445326278659614,
            61.9400352733686,
            88.44797178130511
        ],
        "system_distances": [
            5.014192193223443,
            13.868450833502916,
            35.41703456111789,
            55.294220890991724
        ],
        "distance_saved": [
            9.946125267094018,
            16.5768754451567,
            26.523000712250713,
            33.15375089031339
        ],
        "collision_reduction": [
            90.0,
            90.0,
            90.0,
            90.0
        ]
    },
    "sign_reliability_analysis": {
        "reliability_matrix": [
            [
                0.6960214848319689,
                0.6960214848319689,
                0.6960214848319689,
                0.6960214848319689
            ],
            [
                0.9,
                0.85,
                0.8,
                0.7
            ],
            [
                0.5301394863054156,
                0.5301394863054156,
                0.5301394863054156,
                0.5301394863054156
            ]
        ],
        "mean_reliability": [
            0.6960214848319689,
            0.8125,
            0.5301394863054156
        ],
        "std_reliability": [
            0.0,
            0.07395099728874523,
            0.0
        ],
        "scenarios_above_threshold": 25.0
    },
    "feedback_effectiveness_analysis": {
        "feedback_aspects": [
            "Tempo de Exibi\u00e7\u00e3o",
            "Visibilidade",
            "Compreensibilidade",
            "Prioriza\u00e7\u00e3o de Informa\u00e7\u00e3o"
        ],
        "aspect_scores": [
            0.85,
            0.92,
            0.88,
            0.9
        ],
        "overall_effectiveness": 0.885,
        "comparison_systems": [
            "Sistema Proposto",
            "Comercial A",
            "Comercial B",
            "Prot\u00f3tipo Acad\u00eamico"
        ],
        "comparison_scores": [
            0.885,
            0.75,
            0.82,
            0.7
        ]
    },
    "integrated_performance_safety_analysis": {
        "current_fps": 17.005072410569348,
        "fps_distribution_mean": 16.965438327124424,
        "fps_distribution_std": 8.98336239001011,
        "component_times": [
            10,
            30,
            5,
            15,
            20
        ],
        "total_response_time": 80,
        "scenarios": [
            "Aproxima\u00e7\u00e3o\nde Cruzamento",
            "Detec\u00e7\u00e3o de\nPlaca de Pare",
            "Mudan\u00e7a de\nLimite de Velocidade",
            "Resposta a\nObst\u00e1culo S\u00fabito"
        ],
        "human_response_times": [
            1.8,
            1.2,
            1.5,
            2.0
        ],
        "system_response_times": [
            0.0,
            0.35,
            0.4,
            0.45
        ],
        "distance_saved": [
            25.0,
            11.805555555555555,
            15.277777777777779,
            21.52777777777778
        ]
    },
    "human_comparison_analysis": {
        "detection_comparison": {
            "categories": [
                "Placas de Pare",
                "Limites de\nVelocidade",
                "Todas as\nPlacas"
            ],
            "human_rates": [
                0.75,
                0.68,
                0.72
            ],
            "system_rates": [
                1.0,
                1.0,
                1.0
            ]
        },
        "response_time_comparison": {
            "categories": [
                "Critical",
                "Normal"
            ],
            "human_times": [
                1.8,
                1.2
            ],
            "system_times": [
                0.0,
                0.006464967948717824
            ]
        },
        "reliability_comparison": {
            "conditions": [
                "Dia Claro",
                "Entardecer",
                "Chuva",
                "Neblina"
            ],
            "human_reliability": [
                0.85,
                0.55,
                0.6,
                0.4
            ],
            "system_reliability": [
                1.0,
                0.85,
                0.8,
                0.75
            ]
        },
        "safety_metrics": {
            "metrics": [
                "Antecipa\u00e7\u00e3o de\nRiscos",
                "Conformidade com\nLimites",
                "Tempo de Rea\u00e7\u00e3o\nAdequado",
                "Seguran\u00e7a\nGeral"
            ],
            "human_scores": [
                65,
                70,
                60,
                65
            ],
            "system_scores": [
                90,
                95.0,
                97.15318037443954,
                94
            ]
        }
    },
    "distance_metrics_analysis": {
        "distance_bands": [
            "pr\u00f3ximo",
            "m\u00e9dio",
            "distante"
        ],
        "detection_counts": [
            10,
            81,
            876
        ],
        "total_objects": [
            10,
            81,
            876
        ],
        "detection_rates": [
            1.0,
            1.0,
            1.0
        ]
    },
    "class_precision_analysis": {
        "class_ids": [
            2,
            7,
            9,
            11
        ],
        "class_names": [
            "Carro",
            "Caminh\u00e3o",
            "Sem\u00e1foro",
            "Placa de Pare"
        ],
        "precisions": [
            1.0,
            1.0,
            1.0,
            1.0
        ],
        "confidences": [
            0.6732484130357744,
            0.3661838620901108,
            0.42050930857658386,
            0.6960214848319689
        ],
        "detection_counts": [
            827,
            16,
            4,
            120
        ],
        "confidence_ranges": [
            [
                0.2820994257926941,
                0.9546685814857483
            ],
            [
                0.28535348176956177,
                0.5034849047660828
            ],
            [
                0.37649035453796387,
                0.504023015499115
            ],
            [
                0.3004287779331207,
                0.9162992835044861
            ]
        ],
        "weather_condition": "CLEARNOON"
    }
}