{
    "reaction_time_analysis": {
        "system_reaction_time": 0.008990610778443079,
        "human_attentive_reaction_time": 1.2,
        "improvement_percentage": 99.25078243512975
    },
    "safety_distance_analysis": {
        "speeds": [
            30,
            50,
            80,
            100
        ],
        "human_distances": [
            14.960317460317462,
            30.445326278659614,
            61.9400352733686,
            88.44797178130511
        ],
        "system_distances": [
            5.035239216804487,
            13.90352920613799,
            35.473159957334005,
            55.36437763626187
        ],
        "distance_saved": [
            9.925078243512974,
            16.541797072521625,
            26.466875316034596,
            33.08359414504324
        ],
        "collision_reduction": [
            90.0,
            90.0,
            90.0,
            90.0
        ]
    },
    "sign_reliability_analysis": {
        "reliability_matrix": [
            [
                0.6802778351120651,
                0.6802778351120651,
                0.6802778351120651,
                0.6802778351120651
            ],
            [
                0.9,
                0.85,
                0.8,
                0.7
            ],
            [
                0.5151860957795923,
                0.5151860957795923,
                0.5151860957795923,
                0.5151860957795923
            ]
        ],
        "mean_reliability": [
            0.6802778351120651,
            0.8125,
            0.5151860957795923
        ],
        "std_reliability": [
            0.0,
            0.07395099728874523,
            0.0
        ],
        "scenarios_above_threshold": 25.0
    },
    "feedback_effectiveness_analysis": {
        "feedback_aspects": [
            "Tempo de Exibi\u00e7\u00e3o",
            "Visibilidade",
            "Compreensibilidade",
            "Prioriza\u00e7\u00e3o de Informa\u00e7\u00e3o"
        ],
        "aspect_scores": [
            0.85,
            0.92,
            0.88,
            0.9
        ],
        "overall_effectiveness": 0.885,
        "comparison_systems": [
            "Sistema Proposto",
            "Comercial A",
            "Comercial B",
            "Prot\u00f3tipo Acad\u00eamico"
        ],
        "comparison_scores": [
            0.885,
            0.75,
            0.82,
            0.7
        ]
    },
    "integrated_performance_safety_analysis": {
        "current_fps": 14.672594388814455,
        "fps_distribution_mean": 15.948804958195138,
        "fps_distribution_std": 10.793909492424438,
        "component_times": [
            10,
            30,
            5,
            15,
            20
        ],
        "total_response_time": 80,
        "scenarios": [
            "Aproxima\u00e7\u00e3o\nde Cruzamento",
            "Detec\u00e7\u00e3o de\nPlaca de Pare",
            "Mudan\u00e7a de\nLimite de Velocidade",
            "Resposta a\nObst\u00e1culo S\u00fabito"
        ],
        "human_response_times": [
            1.8,
            1.2,
            1.5,
            2.0
        ],
        "system_response_times": [
            0.0,
            0.35,
            0.4,
            0.45
        ],
        "distance_saved": [
            25.0,
            11.805555555555555,
            15.277777777777779,
            21.52777777777778
        ]
    }
}